{"objects":[{"name":"Circle(Clone)","ID":0,"position":{"x":-3.0169973373413088,"y":2.025495767593384,"z":0.0},"rotation":{"x":0.0,"y":0.0,"z":0.0},"scale":{"x":8.781867980957032,"y":8.781867980957032,"z":8.781867980957032},"color":{"r":1.0,"g":1.0,"b":1.0,"a":1.0},"charge":0,"useGravity":true,"isAnchored":false,"usePointJoint":false,"pointJointPosition":{"x":0.0,"y":0.0},"initialVelocity":{"x":0.0,"y":0.0,"z":0.0},"connectedIDs":[],"linePositions":[]},{"name":"Circle(Clone)","ID":1,"position":{"x":1.2039661407470704,"y":-0.014164447784423828,"z":0.0},"rotation":{"x":0.0,"y":0.0,"z":0.0},"scale":{"x":10.764870643615723,"y":10.764870643615723,"z":10.764870643615723},"color":{"r":0.9725490212440491,"g":0.5882353186607361,"b":0.11764705926179886,"a":1.0},"charge":0,"useGravity":true,"isAnchored":false,"usePointJoint":false,"pointJointPosition":{"x":0.0,"y":0.0},"initialVelocity":{"x":0.0,"y":0.0,"z":0.0},"connectedIDs":[],"linePositions":[]}]}